,Total,Percent
Zeta potential / mV,147,54.24354243542435
PDI,121,44.64944649446495
Media volume / mL,62,22.878228782287824
Particle size / nm,55,20.29520295202952
Media pH,53,19.557195571955717
Drug-lipid / %,22,8.118081180811808
Media temp / °C,12,4.428044280442804
